sample_index,hi
0.000000000000000000e+00,5.432500503957271576e-03
1.000000000000000000e+00,5.695169325917959213e-03
2.000000000000000000e+00,5.760572385042905807e-03
3.000000000000000000e+00,6.176447961479425430e-03
4.000000000000000000e+00,6.148830056190490723e-03
5.000000000000000000e+00,6.126789841800928116e-03
6.000000000000000000e+00,6.177763920277357101e-03
7.000000000000000000e+00,6.020920816808938980e-03
8.000000000000000000e+00,6.229371763765811920e-03
9.000000000000000000e+00,5.686451215296983719e-03
1.000000000000000000e+01,6.280304398387670517e-03
1.100000000000000000e+01,6.047056056559085846e-03
1.200000000000000000e+01,5.990114528685808182e-03
1.300000000000000000e+01,6.327119655907154083e-03
1.400000000000000000e+01,6.268645636737346649e-03
1.500000000000000000e+01,6.212349515408277512e-03
1.600000000000000000e+01,6.131623405963182449e-03
1.700000000000000000e+01,6.012009922415018082e-03
1.800000000000000000e+01,5.998364184051752090e-03
1.900000000000000000e+01,6.177363451570272446e-03
2.000000000000000000e+01,6.195018999278545380e-03
2.100000000000000000e+01,6.275621242821216583e-03
2.200000000000000000e+01,6.273376289755105972e-03
2.300000000000000000e+01,6.297819316387176514e-03
2.400000000000000000e+01,6.281505338847637177e-03
2.500000000000000000e+01,5.972584243863821030e-03
2.600000000000000000e+01,6.002175156027078629e-03
2.700000000000000000e+01,5.981690250337123871e-03
2.800000000000000000e+01,6.125782616436481476e-03
2.900000000000000000e+01,6.194004323333501816e-03
3.000000000000000000e+01,6.124307401478290558e-03
3.100000000000000000e+01,6.332741584628820419e-03
3.200000000000000000e+01,5.998113658279180527e-03
3.300000000000000000e+01,6.203020922839641571e-03
3.400000000000000000e+01,6.078709382563829422e-03
3.500000000000000000e+01,6.052435375750064850e-03
3.600000000000000000e+01,5.819897167384624481e-03
3.700000000000000000e+01,6.316672079265117645e-03
3.800000000000000000e+01,5.945256445556879044e-03
3.900000000000000000e+01,6.126499269157648087e-03
4.000000000000000000e+01,6.054863333702087402e-03
4.100000000000000000e+01,6.168981082737445831e-03
4.200000000000000000e+01,5.918961949646472931e-03
4.300000000000000000e+01,6.098517682403326035e-03
4.400000000000000000e+01,6.046890281140804291e-03
4.500000000000000000e+01,5.828323774039745331e-03
4.600000000000000000e+01,6.146792322397232056e-03
4.700000000000000000e+01,5.943652242422103882e-03
4.800000000000000000e+01,6.064978893846273422e-03
4.900000000000000000e+01,5.900051910430192947e-03
5.000000000000000000e+01,6.129377987235784531e-03
5.100000000000000000e+01,6.178201641887426376e-03
5.200000000000000000e+01,6.238579284399747849e-03
5.300000000000000000e+01,5.870499648153781891e-03
5.400000000000000000e+01,5.790316499769687653e-03
5.500000000000000000e+01,6.170894019305706024e-03
5.600000000000000000e+01,5.913186352699995041e-03
5.700000000000000000e+01,5.897571798413991928e-03
5.800000000000000000e+01,5.801152437925338745e-03
5.900000000000000000e+01,6.131196860224008560e-03
6.000000000000000000e+01,6.183112971484661102e-03
6.100000000000000000e+01,5.894608329981565475e-03
6.200000000000000000e+01,6.276528351008892059e-03
6.300000000000000000e+01,5.884525831788778305e-03
6.400000000000000000e+01,5.958517082035541534e-03
6.500000000000000000e+01,5.931827239692211151e-03
6.600000000000000000e+01,5.925007164478302002e-03
6.700000000000000000e+01,5.866239313036203384e-03
6.800000000000000000e+01,5.936393048614263535e-03
6.900000000000000000e+01,5.894518457353115082e-03
7.000000000000000000e+01,5.731684155762195587e-03
7.100000000000000000e+01,5.876390729099512100e-03
7.200000000000000000e+01,6.009510718286037445e-03
7.300000000000000000e+01,5.999044049531221390e-03
7.400000000000000000e+01,6.177895702421665192e-03
7.500000000000000000e+01,6.011148449033498764e-03
7.600000000000000000e+01,5.874165799468755722e-03
7.700000000000000000e+01,6.131187081336975098e-03
7.800000000000000000e+01,5.902284290641546249e-03
7.900000000000000000e+01,5.992214195430278778e-03
8.000000000000000000e+01,5.857076961547136307e-03
8.100000000000000000e+01,5.546397529542446136e-03
8.200000000000000000e+01,5.902326200157403946e-03
8.300000000000000000e+01,5.863067694008350372e-03
8.400000000000000000e+01,6.060139276087284088e-03
8.500000000000000000e+01,5.948212929069995880e-03
8.600000000000000000e+01,5.897257942706346512e-03
8.700000000000000000e+01,5.530414171516895294e-03
8.800000000000000000e+01,5.957148969173431396e-03
8.900000000000000000e+01,6.042483728379011154e-03
9.000000000000000000e+01,6.160127930343151093e-03
9.100000000000000000e+01,5.669767968356609344e-03
9.200000000000000000e+01,5.791729316115379333e-03
9.300000000000000000e+01,5.604027770459651947e-03
9.400000000000000000e+01,6.018782965838909149e-03
9.500000000000000000e+01,5.902321077883243561e-03
9.600000000000000000e+01,6.147057749330997467e-03
9.700000000000000000e+01,5.780735053122043610e-03
9.800000000000000000e+01,5.965926684439182281e-03
9.900000000000000000e+01,5.662815645337104797e-03
1.000000000000000000e+02,6.038674153387546539e-03
1.010000000000000000e+02,5.764915607869625092e-03
1.020000000000000000e+02,5.770325195044279099e-03
1.030000000000000000e+02,5.903779529035091400e-03
1.040000000000000000e+02,5.988519638776779175e-03
1.050000000000000000e+02,6.030059419572353363e-03
1.060000000000000000e+02,5.921064876019954681e-03
1.070000000000000000e+02,5.798219703137874603e-03
1.080000000000000000e+02,5.767426453530788422e-03
1.090000000000000000e+02,5.962948314845561981e-03
1.100000000000000000e+02,5.826151929795742035e-03
1.110000000000000000e+02,5.826597101986408234e-03
1.120000000000000000e+02,6.011838093400001526e-03
1.130000000000000000e+02,5.689824465662240982e-03
1.140000000000000000e+02,5.938271060585975647e-03
1.150000000000000000e+02,5.708277225494384766e-03
1.160000000000000000e+02,6.246064789593219757e-03
1.170000000000000000e+02,6.000220775604248047e-03
1.180000000000000000e+02,5.996291991323232651e-03
1.190000000000000000e+02,5.944816395640373230e-03
1.200000000000000000e+02,5.814105272293090820e-03
1.210000000000000000e+02,6.052677985280752182e-03
1.220000000000000000e+02,5.991549231112003326e-03
1.230000000000000000e+02,6.274050567299127579e-03
1.240000000000000000e+02,5.782042630016803741e-03
1.250000000000000000e+02,5.921978969126939774e-03
1.260000000000000000e+02,5.755407270044088364e-03
1.270000000000000000e+02,5.826759152114391327e-03
1.280000000000000000e+02,5.817696917802095413e-03
1.290000000000000000e+02,5.616395734250545502e-03
1.300000000000000000e+02,5.786480847746133804e-03
1.310000000000000000e+02,5.850071553140878677e-03
1.320000000000000000e+02,5.721426103264093399e-03
1.330000000000000000e+02,5.799204111099243164e-03
1.340000000000000000e+02,5.979948677122592926e-03
1.350000000000000000e+02,6.060024257749319077e-03
1.360000000000000000e+02,5.962911527603864670e-03
1.370000000000000000e+02,5.835174582898616791e-03
1.380000000000000000e+02,6.005807779729366302e-03
1.390000000000000000e+02,5.598688963800668716e-03
1.400000000000000000e+02,5.873717833310365677e-03
1.410000000000000000e+02,5.990563891828060150e-03
1.420000000000000000e+02,5.902971141040325165e-03
1.430000000000000000e+02,5.902824923396110535e-03
1.440000000000000000e+02,5.721380002796649933e-03
1.450000000000000000e+02,5.695546977221965790e-03
1.460000000000000000e+02,5.802111700177192688e-03
1.470000000000000000e+02,5.654658190906047821e-03
1.480000000000000000e+02,5.787954665720462799e-03
1.490000000000000000e+02,5.813906434923410416e-03
1.500000000000000000e+02,5.638816393911838531e-03
1.510000000000000000e+02,6.235740147531032562e-03
1.520000000000000000e+02,5.930759944021701813e-03
1.530000000000000000e+02,5.867154337465763092e-03
1.540000000000000000e+02,5.848758853971958160e-03
1.550000000000000000e+02,5.943813361227512360e-03
1.560000000000000000e+02,6.164456252008676529e-03
1.570000000000000000e+02,6.215955130755901337e-03
1.580000000000000000e+02,5.852325353771448135e-03
1.590000000000000000e+02,5.977731663733720779e-03
1.600000000000000000e+02,5.825677420943975449e-03
1.610000000000000000e+02,6.098852958530187607e-03
1.620000000000000000e+02,5.869785789400339127e-03
1.630000000000000000e+02,5.976666230708360672e-03
1.640000000000000000e+02,5.798273719847202301e-03
1.650000000000000000e+02,5.994619335979223251e-03
1.660000000000000000e+02,5.968949757516384125e-03
1.670000000000000000e+02,5.999770946800708771e-03
1.680000000000000000e+02,6.023827008903026581e-03
1.690000000000000000e+02,5.941180512309074402e-03
1.700000000000000000e+02,5.815395154058933258e-03
1.710000000000000000e+02,6.070439703762531281e-03
1.720000000000000000e+02,5.782235413789749146e-03
1.730000000000000000e+02,5.596176721155643463e-03
1.740000000000000000e+02,5.942369345575571060e-03
1.750000000000000000e+02,5.621048621833324432e-03
1.760000000000000000e+02,6.071817595511674881e-03
1.770000000000000000e+02,5.664705298840999603e-03
1.780000000000000000e+02,5.706041119992733002e-03
1.790000000000000000e+02,5.791089497506618500e-03
1.800000000000000000e+02,5.925361998379230499e-03
1.810000000000000000e+02,5.796781741082668304e-03
1.820000000000000000e+02,5.620739422738552094e-03
1.830000000000000000e+02,6.044476293027400970e-03
1.840000000000000000e+02,5.756305065006017685e-03
1.850000000000000000e+02,6.055257748812437057e-03
1.860000000000000000e+02,5.935131572186946869e-03
1.870000000000000000e+02,6.277126725763082504e-03
1.880000000000000000e+02,5.661538336426019669e-03
1.890000000000000000e+02,5.914136767387390137e-03
1.900000000000000000e+02,5.655527114868164062e-03
1.910000000000000000e+02,6.063678301870822906e-03
1.920000000000000000e+02,5.879302043467760086e-03
1.930000000000000000e+02,5.940555594861507416e-03
1.940000000000000000e+02,5.949540063738822937e-03
1.950000000000000000e+02,5.850306712090969086e-03
1.960000000000000000e+02,5.778529215604066849e-03
1.970000000000000000e+02,5.638316273689270020e-03
1.980000000000000000e+02,5.781193263828754425e-03
1.990000000000000000e+02,5.811088252812623978e-03
2.000000000000000000e+02,6.166332866996526718e-03
2.010000000000000000e+02,5.873676389455795288e-03
2.020000000000000000e+02,5.751059390604496002e-03
2.030000000000000000e+02,5.908257793635129929e-03
2.040000000000000000e+02,5.773550830781459808e-03
2.050000000000000000e+02,5.633957684040069580e-03
2.060000000000000000e+02,5.719106644392013550e-03
2.070000000000000000e+02,5.950957536697387695e-03
2.080000000000000000e+02,5.806395318359136581e-03
2.090000000000000000e+02,5.891078151762485504e-03
2.100000000000000000e+02,5.835577845573425293e-03
2.110000000000000000e+02,6.109955254942178726e-03
2.120000000000000000e+02,5.948863923549652100e-03
2.130000000000000000e+02,5.850259214639663696e-03
2.140000000000000000e+02,6.189304403960704803e-03
2.150000000000000000e+02,5.948005244135856628e-03
2.160000000000000000e+02,5.898871924728155136e-03
2.170000000000000000e+02,5.861507263034582138e-03
2.180000000000000000e+02,6.018252577632665634e-03
2.190000000000000000e+02,6.028530187904834747e-03
2.200000000000000000e+02,5.887332372367382050e-03
2.210000000000000000e+02,5.925630219280719757e-03
2.220000000000000000e+02,5.803373642265796661e-03
2.230000000000000000e+02,5.886099301278591156e-03
2.240000000000000000e+02,6.010720971971750259e-03
2.250000000000000000e+02,5.914162844419479370e-03
2.260000000000000000e+02,5.840823054313659668e-03
2.270000000000000000e+02,5.833209957927465439e-03
2.280000000000000000e+02,6.109185516834259033e-03
2.290000000000000000e+02,5.969556048512458801e-03
2.300000000000000000e+02,5.945449229329824448e-03
2.310000000000000000e+02,5.982201080769300461e-03
2.320000000000000000e+02,5.771537311375141144e-03
2.330000000000000000e+02,6.078238133341073990e-03
2.340000000000000000e+02,5.793028511106967926e-03
2.350000000000000000e+02,6.005789153277873993e-03
2.360000000000000000e+02,6.100962404161691666e-03
2.370000000000000000e+02,6.097978912293910980e-03
2.380000000000000000e+02,5.983117967844009399e-03
2.390000000000000000e+02,5.884061567485332489e-03
2.400000000000000000e+02,5.980673246085643768e-03
2.410000000000000000e+02,5.797334946691989899e-03
2.420000000000000000e+02,5.904105957597494125e-03
2.430000000000000000e+02,5.712109152227640152e-03
2.440000000000000000e+02,5.950094200670719147e-03
2.450000000000000000e+02,6.075615528970956802e-03
2.460000000000000000e+02,5.788689013570547104e-03
2.470000000000000000e+02,5.959971807897090912e-03
2.480000000000000000e+02,5.774279125034809113e-03
2.490000000000000000e+02,5.774981342256069183e-03
2.500000000000000000e+02,5.723166745156049728e-03
2.510000000000000000e+02,5.681641865521669388e-03
2.520000000000000000e+02,6.110006477683782578e-03
2.530000000000000000e+02,5.822806619107723236e-03
2.540000000000000000e+02,5.820028483867645264e-03
2.550000000000000000e+02,5.864924285560846329e-03
2.560000000000000000e+02,5.817688070237636566e-03
2.570000000000000000e+02,5.937993526458740234e-03
2.580000000000000000e+02,5.638670176267623901e-03
2.590000000000000000e+02,6.131501402705907822e-03
2.600000000000000000e+02,5.984775722026824951e-03
2.610000000000000000e+02,5.892722867429256439e-03
2.620000000000000000e+02,6.001230329275131226e-03
2.630000000000000000e+02,5.684009287506341934e-03
2.640000000000000000e+02,5.759007297456264496e-03
2.650000000000000000e+02,6.078755948692560196e-03
2.660000000000000000e+02,5.977986846119165421e-03
2.670000000000000000e+02,5.969996564090251923e-03
2.680000000000000000e+02,6.028657779097557068e-03
2.690000000000000000e+02,5.734222941100597382e-03
2.700000000000000000e+02,5.806824658066034317e-03
2.710000000000000000e+02,6.024800240993499756e-03
2.720000000000000000e+02,6.100444588810205460e-03
2.730000000000000000e+02,5.787589587271213531e-03
2.740000000000000000e+02,6.098116748034954071e-03
2.750000000000000000e+02,6.077056284993886948e-03
2.760000000000000000e+02,6.158451084047555923e-03
2.770000000000000000e+02,5.948872771114110947e-03
2.780000000000000000e+02,6.173614878207445145e-03
2.790000000000000000e+02,5.812479648739099503e-03
2.800000000000000000e+02,6.012076511979103088e-03
2.810000000000000000e+02,5.849965848028659821e-03
2.820000000000000000e+02,5.950110964477062225e-03
2.830000000000000000e+02,6.048132199794054031e-03
2.840000000000000000e+02,6.052582059055566788e-03
2.850000000000000000e+02,5.786719731986522675e-03
2.860000000000000000e+02,6.024383939802646637e-03
2.870000000000000000e+02,5.729056429117918015e-03
2.880000000000000000e+02,5.851215682923793793e-03
2.890000000000000000e+02,5.791489500552415848e-03
2.900000000000000000e+02,5.965326912701129913e-03
2.910000000000000000e+02,5.914881825447082520e-03
2.920000000000000000e+02,6.000769790261983871e-03
2.930000000000000000e+02,5.917680915445089340e-03
2.940000000000000000e+02,6.058032624423503876e-03
2.950000000000000000e+02,5.837367381900548935e-03
2.960000000000000000e+02,6.163294427096843719e-03
2.970000000000000000e+02,6.054325494915246964e-03
2.980000000000000000e+02,5.891764070838689804e-03
2.990000000000000000e+02,6.078845821321010590e-03
3.000000000000000000e+02,6.325782742351293564e-03
3.010000000000000000e+02,5.708891898393630981e-03
3.020000000000000000e+02,5.980289541184902191e-03
3.030000000000000000e+02,5.841399077326059341e-03
3.040000000000000000e+02,6.159999873489141464e-03
3.050000000000000000e+02,5.913978442549705505e-03
3.060000000000000000e+02,6.057292222976684570e-03
3.070000000000000000e+02,5.928799975663423538e-03
3.080000000000000000e+02,5.805784370750188828e-03
3.090000000000000000e+02,6.007933057844638824e-03
3.100000000000000000e+02,6.137803662568330765e-03
3.110000000000000000e+02,6.126627326011657715e-03
3.120000000000000000e+02,6.049910560250282288e-03
3.130000000000000000e+02,5.809535272419452667e-03
3.140000000000000000e+02,6.039305590093135834e-03
3.150000000000000000e+02,6.003049202263355255e-03
3.160000000000000000e+02,6.188129074871540070e-03
3.170000000000000000e+02,5.869978107511997223e-03
3.180000000000000000e+02,5.897980183362960815e-03
3.190000000000000000e+02,5.905346479266881943e-03
3.200000000000000000e+02,6.100310012698173523e-03
3.210000000000000000e+02,6.132159847766160965e-03
3.220000000000000000e+02,5.723544862121343613e-03
3.230000000000000000e+02,6.065935827791690826e-03
3.240000000000000000e+02,5.950910039246082306e-03
3.250000000000000000e+02,5.859200842678546906e-03
3.260000000000000000e+02,6.163615733385086060e-03
3.270000000000000000e+02,5.766040645539760590e-03
3.280000000000000000e+02,6.016180850565433502e-03
3.290000000000000000e+02,6.199925672262907028e-03
3.300000000000000000e+02,6.010786630213260651e-03
3.310000000000000000e+02,5.845756269991397858e-03
3.320000000000000000e+02,5.645575933158397675e-03
3.330000000000000000e+02,5.659566726535558701e-03
3.340000000000000000e+02,5.803522188216447830e-03
3.350000000000000000e+02,6.079033017158508301e-03
3.360000000000000000e+02,5.689376033842563629e-03
3.370000000000000000e+02,6.250630132853984833e-03
3.380000000000000000e+02,6.165925413370132446e-03
3.390000000000000000e+02,6.125082261860370636e-03
3.400000000000000000e+02,6.027923431247472763e-03
3.410000000000000000e+02,5.859854631125926971e-03
3.420000000000000000e+02,5.885242484509944916e-03
3.430000000000000000e+02,5.853327456861734390e-03
3.440000000000000000e+02,5.867897067219018936e-03
3.450000000000000000e+02,6.091102026402950287e-03
3.460000000000000000e+02,5.810432136058807373e-03
3.470000000000000000e+02,6.252544466406106949e-03
3.480000000000000000e+02,5.932254251092672348e-03
3.490000000000000000e+02,5.831065122038125992e-03
3.500000000000000000e+02,5.777915474027395248e-03
3.510000000000000000e+02,5.814454052597284317e-03
3.520000000000000000e+02,5.937036592513322830e-03
3.530000000000000000e+02,5.845021456480026245e-03
3.540000000000000000e+02,6.075263489037752151e-03
3.550000000000000000e+02,5.754803773015737534e-03
3.560000000000000000e+02,6.147049833089113235e-03
3.570000000000000000e+02,6.121288985013961792e-03
3.580000000000000000e+02,5.779158324003219604e-03
3.590000000000000000e+02,5.957365967333316803e-03
3.600000000000000000e+02,5.869066342711448669e-03
3.610000000000000000e+02,5.674967542290687561e-03
3.620000000000000000e+02,5.918256938457489014e-03
3.630000000000000000e+02,6.055964622646570206e-03
3.640000000000000000e+02,5.960041191428899765e-03
3.650000000000000000e+02,5.961743649095296860e-03
3.660000000000000000e+02,5.944828037172555923e-03
3.670000000000000000e+02,6.067497190088033676e-03
3.680000000000000000e+02,5.884154234081506729e-03
3.690000000000000000e+02,6.045446731150150299e-03
3.700000000000000000e+02,5.759079940617084503e-03
3.710000000000000000e+02,5.641502328217029572e-03
3.720000000000000000e+02,5.803986452519893646e-03
3.730000000000000000e+02,6.081891246140003204e-03
3.740000000000000000e+02,6.003253161907196045e-03
3.750000000000000000e+02,5.839535966515541077e-03
3.760000000000000000e+02,6.098267156630754471e-03
3.770000000000000000e+02,5.946537014096975327e-03
3.780000000000000000e+02,5.842725746333599091e-03
3.790000000000000000e+02,5.775377154350280762e-03
3.800000000000000000e+02,6.162528414279222488e-03
3.810000000000000000e+02,5.923545453697443008e-03
3.820000000000000000e+02,5.972607992589473724e-03
3.830000000000000000e+02,5.881456658244132996e-03
3.840000000000000000e+02,5.634677596390247345e-03
3.850000000000000000e+02,5.924572702497243881e-03
3.860000000000000000e+02,5.880662705749273300e-03
3.870000000000000000e+02,5.709436256438493729e-03
3.880000000000000000e+02,5.606625694781541824e-03
3.890000000000000000e+02,6.077849306166172028e-03
3.900000000000000000e+02,6.045796442776918411e-03
3.910000000000000000e+02,6.104853004217147827e-03
3.920000000000000000e+02,6.056800018996000290e-03
3.930000000000000000e+02,6.256472319364547729e-03
3.940000000000000000e+02,6.183660589158535004e-03
3.950000000000000000e+02,5.957229528576135635e-03
3.960000000000000000e+02,5.979939363896846771e-03
3.970000000000000000e+02,6.152637302875518799e-03
3.980000000000000000e+02,5.512373987585306168e-03
3.990000000000000000e+02,6.001161877065896988e-03
4.000000000000000000e+02,6.022194866091012955e-03
4.010000000000000000e+02,5.650626961141824722e-03
4.020000000000000000e+02,5.800363607704639435e-03
4.030000000000000000e+02,5.453465040773153305e-03
4.040000000000000000e+02,5.966016091406345367e-03
4.050000000000000000e+02,5.824619438499212265e-03
4.060000000000000000e+02,5.848196335136890411e-03
4.070000000000000000e+02,5.822091363370418549e-03
4.080000000000000000e+02,5.737219005823135376e-03
4.090000000000000000e+02,5.813366267830133438e-03
4.100000000000000000e+02,5.972757004201412201e-03
4.110000000000000000e+02,6.036702543497085571e-03
4.120000000000000000e+02,5.729638040065765381e-03
4.130000000000000000e+02,5.849821958690881729e-03
4.140000000000000000e+02,5.963434930890798569e-03
4.150000000000000000e+02,5.870173685252666473e-03
4.160000000000000000e+02,6.031665019690990448e-03
4.170000000000000000e+02,6.026128772646188736e-03
4.180000000000000000e+02,5.904059857130050659e-03
4.190000000000000000e+02,5.821938160806894302e-03
4.200000000000000000e+02,5.834053270518779755e-03
4.210000000000000000e+02,6.069962866604328156e-03
4.220000000000000000e+02,5.928170867264270782e-03
4.230000000000000000e+02,5.810864269733428955e-03
4.240000000000000000e+02,5.830586422234773636e-03
4.250000000000000000e+02,6.087739020586013794e-03
4.260000000000000000e+02,5.941415671259164810e-03
4.270000000000000000e+02,5.843634717166423798e-03
4.280000000000000000e+02,5.767737049609422684e-03
4.290000000000000000e+02,5.942763295024633408e-03
4.300000000000000000e+02,5.963907577097415924e-03
4.310000000000000000e+02,6.048761308193206787e-03
4.320000000000000000e+02,5.980307701975107193e-03
4.330000000000000000e+02,5.845063831657171249e-03
4.340000000000000000e+02,6.098572164773941040e-03
4.350000000000000000e+02,6.039684638381004333e-03
4.360000000000000000e+02,5.999431014060974121e-03
4.370000000000000000e+02,5.821569357067346573e-03
4.380000000000000000e+02,6.101557053625583649e-03
4.390000000000000000e+02,6.142306141555309296e-03
4.400000000000000000e+02,6.020282395184040070e-03
4.410000000000000000e+02,5.904910154640674591e-03
4.420000000000000000e+02,5.948904901742935181e-03
4.430000000000000000e+02,5.931471940129995346e-03
4.440000000000000000e+02,5.922494921833276749e-03
4.450000000000000000e+02,6.108927074819803238e-03
4.460000000000000000e+02,6.119956728070974350e-03
4.470000000000000000e+02,6.128714885562658310e-03
4.480000000000000000e+02,5.800347309559583664e-03
4.490000000000000000e+02,5.783659406006336212e-03
4.500000000000000000e+02,5.885752849280834198e-03
4.510000000000000000e+02,6.231954786926507950e-03
4.520000000000000000e+02,5.882535595446825027e-03
4.530000000000000000e+02,6.227645091712474823e-03
4.540000000000000000e+02,6.192820146679878235e-03
4.550000000000000000e+02,6.157557480037212372e-03
4.560000000000000000e+02,6.056014914065599442e-03
4.570000000000000000e+02,6.011261604726314545e-03
4.580000000000000000e+02,6.279089488089084625e-03
4.590000000000000000e+02,6.212450563907623291e-03
4.600000000000000000e+02,6.146146915853023529e-03
4.610000000000000000e+02,6.332646124064922333e-03
4.620000000000000000e+02,6.115040276199579239e-03
4.630000000000000000e+02,6.020952481776475906e-03
4.640000000000000000e+02,5.943734198808670044e-03
4.650000000000000000e+02,5.819594953209161758e-03
4.660000000000000000e+02,5.911183543503284454e-03
4.670000000000000000e+02,5.899849347770214081e-03
4.680000000000000000e+02,6.047773174941539764e-03
4.690000000000000000e+02,5.788539070636034012e-03
4.700000000000000000e+02,5.893541034311056137e-03
4.710000000000000000e+02,6.005879491567611694e-03
4.720000000000000000e+02,6.125959567725658417e-03
4.730000000000000000e+02,5.781100597232580185e-03
4.740000000000000000e+02,6.109538488090038300e-03
4.750000000000000000e+02,6.092400755733251572e-03
4.760000000000000000e+02,5.944205448031425476e-03
4.770000000000000000e+02,6.049973890185356140e-03
4.780000000000000000e+02,5.934820044785737991e-03
4.790000000000000000e+02,6.015462335199117661e-03
4.800000000000000000e+02,5.769220180809497833e-03
4.810000000000000000e+02,5.866973660886287689e-03
4.820000000000000000e+02,5.952565930783748627e-03
4.830000000000000000e+02,5.700286477804183960e-03
4.840000000000000000e+02,5.850954912602901459e-03
4.850000000000000000e+02,5.906059872359037399e-03
4.860000000000000000e+02,5.791469011455774307e-03
4.870000000000000000e+02,5.802518688142299652e-03
4.880000000000000000e+02,6.184616126120090485e-03
4.890000000000000000e+02,5.646168254315853119e-03
4.900000000000000000e+02,5.662869662046432495e-03
4.910000000000000000e+02,6.048157345503568649e-03
4.920000000000000000e+02,6.033652462065219879e-03
4.930000000000000000e+02,6.167917046695947647e-03
4.940000000000000000e+02,5.774809513241052628e-03
4.950000000000000000e+02,6.050474941730499268e-03
4.960000000000000000e+02,5.954607389867305756e-03
4.970000000000000000e+02,6.169886793941259384e-03
4.980000000000000000e+02,6.005540490150451660e-03
4.990000000000000000e+02,5.829035304486751556e-03
5.000000000000000000e+02,5.777758546173572540e-03
5.010000000000000000e+02,5.961553193628787994e-03
5.020000000000000000e+02,6.128136534243822098e-03
5.030000000000000000e+02,6.048153154551982880e-03
5.040000000000000000e+02,6.306905299425125122e-03
5.050000000000000000e+02,6.008484400808811188e-03
5.060000000000000000e+02,6.192704197019338608e-03
5.070000000000000000e+02,6.257869303226470947e-03
5.080000000000000000e+02,6.222283001989126205e-03
5.090000000000000000e+02,6.104861851781606674e-03
5.100000000000000000e+02,6.093454547226428986e-03
5.110000000000000000e+02,6.059200502932071686e-03
5.120000000000000000e+02,6.615565158426761627e-03
5.130000000000000000e+02,5.886402912437915802e-03
5.140000000000000000e+02,6.144490558654069901e-03
5.150000000000000000e+02,5.897490773350000381e-03
5.160000000000000000e+02,6.106833927333354950e-03
5.170000000000000000e+02,6.053937133401632309e-03
5.180000000000000000e+02,5.669715814292430878e-03
5.190000000000000000e+02,6.026075221598148346e-03
5.200000000000000000e+02,6.242214236408472061e-03
5.210000000000000000e+02,5.912533961236476898e-03
5.220000000000000000e+02,6.079139187932014465e-03
5.230000000000000000e+02,6.325490772724151611e-03
5.240000000000000000e+02,6.310614757239818573e-03
5.250000000000000000e+02,6.389683578163385391e-03
5.260000000000000000e+02,6.042658351361751556e-03
5.270000000000000000e+02,6.155701819807291031e-03
5.280000000000000000e+02,6.067802663892507553e-03
5.290000000000000000e+02,6.081356666982173920e-03
5.300000000000000000e+02,6.253698375076055527e-03
5.310000000000000000e+02,5.908048711717128754e-03
5.320000000000000000e+02,6.750985980033874512e-03
5.330000000000000000e+02,7.176629267632961273e-03
5.340000000000000000e+02,7.060273084789514542e-03
5.350000000000000000e+02,6.873103789985179901e-03
5.360000000000000000e+02,6.760881748050451279e-03
5.370000000000000000e+02,7.131342776119709015e-03
5.380000000000000000e+02,7.364380173385143280e-03
5.390000000000000000e+02,7.158712483942508698e-03
5.400000000000000000e+02,6.873275153338909149e-03
5.410000000000000000e+02,6.951184477657079697e-03
5.420000000000000000e+02,7.027010433375835419e-03
5.430000000000000000e+02,7.338534109294414520e-03
5.440000000000000000e+02,7.084339857101440430e-03
5.450000000000000000e+02,7.524841465055942535e-03
5.460000000000000000e+02,7.175127975642681122e-03
5.470000000000000000e+02,7.205884903669357300e-03
5.480000000000000000e+02,7.578292395919561386e-03
5.490000000000000000e+02,7.542761974036693573e-03
5.500000000000000000e+02,7.794733159244060516e-03
5.510000000000000000e+02,7.323457393795251846e-03
5.520000000000000000e+02,7.255220320075750351e-03
5.530000000000000000e+02,7.455299608409404755e-03
5.540000000000000000e+02,7.671096827834844589e-03
5.550000000000000000e+02,7.725484669208526611e-03
5.560000000000000000e+02,7.444827351719141006e-03
5.570000000000000000e+02,7.994367741048336029e-03
5.580000000000000000e+02,7.368249353021383286e-03
5.590000000000000000e+02,7.825394161045551300e-03
5.600000000000000000e+02,7.912090048193931580e-03
5.610000000000000000e+02,7.710439153015613556e-03
5.620000000000000000e+02,7.602747529745101929e-03
5.630000000000000000e+02,7.855674251914024353e-03
5.640000000000000000e+02,7.456657476723194122e-03
5.650000000000000000e+02,7.867316715419292450e-03
5.660000000000000000e+02,7.705514319241046906e-03
5.670000000000000000e+02,7.557646837085485458e-03
5.680000000000000000e+02,7.468965835869312286e-03
5.690000000000000000e+02,7.873324677348136902e-03
5.700000000000000000e+02,7.752598728984594345e-03
5.710000000000000000e+02,8.126074448227882385e-03
5.720000000000000000e+02,7.778210099786520004e-03
5.730000000000000000e+02,7.616810500621795654e-03
5.740000000000000000e+02,8.016807958483695984e-03
5.750000000000000000e+02,7.991148158907890320e-03
5.760000000000000000e+02,7.816960103809833527e-03
5.770000000000000000e+02,7.847404107451438904e-03
5.780000000000000000e+02,8.087819442152976990e-03
5.790000000000000000e+02,8.261913433670997620e-03
5.800000000000000000e+02,8.147501386702060699e-03
5.810000000000000000e+02,8.291340433061122894e-03
5.820000000000000000e+02,8.155550807714462280e-03
5.830000000000000000e+02,8.519420400261878967e-03
5.840000000000000000e+02,7.916831411421298981e-03
5.850000000000000000e+02,8.035926148295402527e-03
5.860000000000000000e+02,8.305338211357593536e-03
5.870000000000000000e+02,8.394506759941577911e-03
5.880000000000000000e+02,8.075468242168426514e-03
5.890000000000000000e+02,8.336072787642478943e-03
5.900000000000000000e+02,8.269846439361572266e-03
5.910000000000000000e+02,8.108564652502536774e-03
5.920000000000000000e+02,8.091654628515243530e-03
5.930000000000000000e+02,8.345701731741428375e-03
5.940000000000000000e+02,8.425056934356689453e-03
5.950000000000000000e+02,8.161721751093864441e-03
5.960000000000000000e+02,8.429789915680885315e-03
5.970000000000000000e+02,8.368419483304023743e-03
5.980000000000000000e+02,8.160899393260478973e-03
5.990000000000000000e+02,8.280282840132713318e-03
6.000000000000000000e+02,8.283085189759731293e-03
6.010000000000000000e+02,8.692550472915172577e-03
6.020000000000000000e+02,8.430044166743755341e-03
6.030000000000000000e+02,8.520228788256645203e-03
6.040000000000000000e+02,8.403425104916095734e-03
6.050000000000000000e+02,8.758212439715862274e-03
6.060000000000000000e+02,8.671760559082031250e-03
6.070000000000000000e+02,8.749175816774368286e-03
6.080000000000000000e+02,8.931547403335571289e-03
6.090000000000000000e+02,9.018333628773689270e-03
6.100000000000000000e+02,9.225578978657722473e-03
6.110000000000000000e+02,8.951813913881778717e-03
6.120000000000000000e+02,9.048006497323513031e-03
6.130000000000000000e+02,9.201306849718093872e-03
6.140000000000000000e+02,9.249907918274402618e-03
6.150000000000000000e+02,9.280071593821048737e-03
6.160000000000000000e+02,9.046715684235095978e-03
6.170000000000000000e+02,9.126228280365467072e-03
6.180000000000000000e+02,9.088451974093914032e-03
6.190000000000000000e+02,8.826521225273609161e-03
6.200000000000000000e+02,8.704766631126403809e-03
6.210000000000000000e+02,9.735357947647571564e-03
6.220000000000000000e+02,9.024344384670257568e-03
6.230000000000000000e+02,9.209178388118743896e-03
6.240000000000000000e+02,9.450103156268596649e-03
6.250000000000000000e+02,9.268502704799175262e-03
6.260000000000000000e+02,9.198753163218498230e-03
6.270000000000000000e+02,9.243485517799854279e-03
6.280000000000000000e+02,9.161511436104774475e-03
6.290000000000000000e+02,9.213076904416084290e-03
6.300000000000000000e+02,8.773501031100749969e-03
6.310000000000000000e+02,9.588618762791156769e-03
6.320000000000000000e+02,9.467070922255516052e-03
6.330000000000000000e+02,8.844805881381034851e-03
6.340000000000000000e+02,9.274768643081188202e-03
6.350000000000000000e+02,9.187792427837848663e-03
6.360000000000000000e+02,9.472807869315147400e-03
6.370000000000000000e+02,9.540986269712448120e-03
6.380000000000000000e+02,8.968144655227661133e-03
6.390000000000000000e+02,9.533376432955265045e-03
6.400000000000000000e+02,9.694476611912250519e-03
6.410000000000000000e+02,9.949134662747383118e-03
6.420000000000000000e+02,9.677792899310588837e-03
6.430000000000000000e+02,9.604291990399360657e-03
6.440000000000000000e+02,9.558358229696750641e-03
6.450000000000000000e+02,9.509558789432048798e-03
6.460000000000000000e+02,9.622642770409584045e-03
6.470000000000000000e+02,1.085900329053401947e-02
6.480000000000000000e+02,1.133875548839569092e-02
6.490000000000000000e+02,1.097017060965299606e-02
6.500000000000000000e+02,1.113568432629108429e-02
6.510000000000000000e+02,1.133054122328758240e-02
6.520000000000000000e+02,1.090534310787916183e-02
6.530000000000000000e+02,1.124837063252925873e-02
6.540000000000000000e+02,1.120044570416212082e-02
6.550000000000000000e+02,1.058169454336166382e-02
6.560000000000000000e+02,1.120026689022779465e-02
6.570000000000000000e+02,1.123018842190504074e-02
6.580000000000000000e+02,1.099765766412019730e-02
6.590000000000000000e+02,1.116681098937988281e-02
6.600000000000000000e+02,1.090786419808864594e-02
6.610000000000000000e+02,1.142818853259086609e-02
6.620000000000000000e+02,1.132850069552659988e-02
6.630000000000000000e+02,1.100335735827684402e-02
6.640000000000000000e+02,1.088093314319849014e-02
6.650000000000000000e+02,1.121927797794342041e-02
6.660000000000000000e+02,1.143116224557161331e-02
6.670000000000000000e+02,1.108242385089397430e-02
6.680000000000000000e+02,1.072603929787874222e-02
6.690000000000000000e+02,1.131724938750267029e-02
6.700000000000000000e+02,1.138100307434797287e-02
6.710000000000000000e+02,1.102309953421354294e-02
6.720000000000000000e+02,1.054679602384567261e-02
6.730000000000000000e+02,1.042004767805337906e-02
6.740000000000000000e+02,1.100076921284198761e-02
6.750000000000000000e+02,1.058024633675813675e-02
6.760000000000000000e+02,1.093794777989387512e-02
6.770000000000000000e+02,1.112240273505449295e-02
6.780000000000000000e+02,1.113171689212322235e-02
6.790000000000000000e+02,1.069828681647777557e-02
6.800000000000000000e+02,1.080245058983564377e-02
6.810000000000000000e+02,1.093946117907762527e-02
6.820000000000000000e+02,1.098691113293170929e-02
6.830000000000000000e+02,1.094993390142917633e-02
6.840000000000000000e+02,1.108671817928552628e-02
6.850000000000000000e+02,1.141601148992776871e-02
6.860000000000000000e+02,1.149084605276584625e-02
6.870000000000000000e+02,1.109902001917362213e-02
6.880000000000000000e+02,1.106821559369564056e-02
6.890000000000000000e+02,1.113475579768419266e-02
6.900000000000000000e+02,1.105325855314731598e-02
6.910000000000000000e+02,1.139162667095661163e-02
6.920000000000000000e+02,1.154039148241281509e-02
6.930000000000000000e+02,1.175144128501415253e-02
6.940000000000000000e+02,1.146142650395631790e-02
6.950000000000000000e+02,1.117352023720741272e-02
6.960000000000000000e+02,1.155178248882293701e-02
6.970000000000000000e+02,1.198230404406785965e-02
6.980000000000000000e+02,1.136381179094314575e-02
6.990000000000000000e+02,1.210073847323656082e-02
7.000000000000000000e+02,1.277588028460741043e-02
7.010000000000000000e+02,1.448066812008619308e-02
7.020000000000000000e+02,2.787696756422519684e-02
7.030000000000000000e+02,2.953701652586460114e-02
7.040000000000000000e+02,3.018922731280326843e-02
7.050000000000000000e+02,2.946868166327476501e-02
7.060000000000000000e+02,2.866270579397678375e-02
7.070000000000000000e+02,3.017008863389492035e-02
7.080000000000000000e+02,2.841812931001186371e-02
7.090000000000000000e+02,2.787511982023715973e-02
7.100000000000000000e+02,2.986934222280979156e-02
7.110000000000000000e+02,2.879645861685276031e-02
7.120000000000000000e+02,2.851613797247409821e-02
7.130000000000000000e+02,2.844041958451271057e-02
7.140000000000000000e+02,2.873864211142063141e-02
7.150000000000000000e+02,2.891435101628303528e-02
7.160000000000000000e+02,2.733094058930873871e-02
7.170000000000000000e+02,2.735022827982902527e-02
7.180000000000000000e+02,2.723808027803897858e-02
7.190000000000000000e+02,2.832662127912044525e-02
7.200000000000000000e+02,2.694586850702762604e-02
7.210000000000000000e+02,2.733269333839416504e-02
7.220000000000000000e+02,2.693184278905391693e-02
7.230000000000000000e+02,2.682506665587425232e-02
7.240000000000000000e+02,2.664203010499477386e-02
7.250000000000000000e+02,2.844541147351264954e-02
7.260000000000000000e+02,2.790498174726963043e-02
7.270000000000000000e+02,2.745107933878898621e-02
7.280000000000000000e+02,2.696433663368225098e-02
7.290000000000000000e+02,2.733453549444675446e-02
7.300000000000000000e+02,2.774023450911045074e-02
7.310000000000000000e+02,2.479799464344978333e-02
7.320000000000000000e+02,2.628316357731819153e-02
7.330000000000000000e+02,2.435185946524143219e-02
7.340000000000000000e+02,2.462510950863361359e-02
7.350000000000000000e+02,2.377552911639213562e-02
7.360000000000000000e+02,2.405308745801448822e-02
7.370000000000000000e+02,2.397556975483894348e-02
7.380000000000000000e+02,2.103604376316070557e-02
7.390000000000000000e+02,2.032097615301609039e-02
7.400000000000000000e+02,2.194597385823726654e-02
7.410000000000000000e+02,2.108993008732795715e-02
7.420000000000000000e+02,2.075802162289619446e-02
7.430000000000000000e+02,1.954652741551399231e-02
7.440000000000000000e+02,1.941512525081634521e-02
7.450000000000000000e+02,1.959124580025672913e-02
7.460000000000000000e+02,2.033126726746559143e-02
7.470000000000000000e+02,1.920448616147041321e-02
7.480000000000000000e+02,1.977948658168315887e-02
7.490000000000000000e+02,1.803497597575187683e-02
7.500000000000000000e+02,1.972211524844169617e-02
7.510000000000000000e+02,1.949641667306423187e-02
7.520000000000000000e+02,1.826427504420280457e-02
7.530000000000000000e+02,1.841534674167633057e-02
7.540000000000000000e+02,1.821572147309780121e-02
7.550000000000000000e+02,1.741483248770236969e-02
7.560000000000000000e+02,1.650352776050567627e-02
7.570000000000000000e+02,1.592628471553325653e-02
7.580000000000000000e+02,1.581886969506740570e-02
7.590000000000000000e+02,1.546928286552429199e-02
7.600000000000000000e+02,1.510903239250183105e-02
7.610000000000000000e+02,1.448404509574174881e-02
7.620000000000000000e+02,1.356369256973266602e-02
7.630000000000000000e+02,1.395332068204879761e-02
7.640000000000000000e+02,1.274494640529155731e-02
7.650000000000000000e+02,1.262846402823925018e-02
7.660000000000000000e+02,1.243832241743803024e-02
7.670000000000000000e+02,1.235475670546293259e-02
7.680000000000000000e+02,1.230945438146591187e-02
7.690000000000000000e+02,1.212109066545963287e-02
7.700000000000000000e+02,1.209451630711555481e-02
7.710000000000000000e+02,1.141492836177349091e-02
7.720000000000000000e+02,1.153652276843786240e-02
7.730000000000000000e+02,1.164143532514572144e-02
7.740000000000000000e+02,1.123591698706150055e-02
7.750000000000000000e+02,1.078871358186006546e-02
7.760000000000000000e+02,1.143477857112884521e-02
7.770000000000000000e+02,1.113305520266294479e-02
7.780000000000000000e+02,1.087041758000850677e-02
7.790000000000000000e+02,1.069580763578414917e-02
7.800000000000000000e+02,1.055533718317747116e-02
7.810000000000000000e+02,9.903134778141975403e-03
7.820000000000000000e+02,1.061817072331905365e-02
7.830000000000000000e+02,1.029864978045225143e-02
7.840000000000000000e+02,1.013693027198314667e-02
7.850000000000000000e+02,9.867511689662933350e-03
7.860000000000000000e+02,1.052978821098804474e-02
7.870000000000000000e+02,1.004500687122344971e-02
7.880000000000000000e+02,1.060052029788494110e-02
7.890000000000000000e+02,1.021035667508840561e-02
7.900000000000000000e+02,1.011291611939668655e-02
7.910000000000000000e+02,1.045962143689393997e-02
7.920000000000000000e+02,1.056289020925760269e-02
7.930000000000000000e+02,1.064831949770450592e-02
7.940000000000000000e+02,1.098954398185014725e-02
7.950000000000000000e+02,1.119750179350376129e-02
7.960000000000000000e+02,1.082828547805547714e-02
7.970000000000000000e+02,1.105669699609279633e-02
7.980000000000000000e+02,1.065994612872600555e-02
7.990000000000000000e+02,1.128362864255905151e-02
8.000000000000000000e+02,1.113754604011774063e-02
8.010000000000000000e+02,1.128209289163351059e-02
8.020000000000000000e+02,1.128081046044826508e-02
8.030000000000000000e+02,1.120828557759523392e-02
8.040000000000000000e+02,1.184545643627643585e-02
8.050000000000000000e+02,1.158814691007137299e-02
8.060000000000000000e+02,1.179756503552198410e-02
8.070000000000000000e+02,1.218683458864688873e-02
8.080000000000000000e+02,1.202086172997951508e-02
8.090000000000000000e+02,1.176809333264827728e-02
8.100000000000000000e+02,1.198371220380067825e-02
8.110000000000000000e+02,1.219730358570814133e-02
8.120000000000000000e+02,1.179448515176773071e-02
8.130000000000000000e+02,1.179969869554042816e-02
8.140000000000000000e+02,1.201953738927841187e-02
8.150000000000000000e+02,1.210757344961166382e-02
8.160000000000000000e+02,1.215923391282558441e-02
8.170000000000000000e+02,1.220850460231304169e-02
8.180000000000000000e+02,1.240124553442001343e-02
8.190000000000000000e+02,1.257582567632198334e-02
8.200000000000000000e+02,1.299860794097185135e-02
8.210000000000000000e+02,1.243716012686491013e-02
8.220000000000000000e+02,1.269231736660003662e-02
8.230000000000000000e+02,1.891746744513511658e-02
8.240000000000000000e+02,1.890210248529911041e-02
8.250000000000000000e+02,1.850233040750026703e-02
8.260000000000000000e+02,1.998805254697799683e-02
8.270000000000000000e+02,1.943582668900489807e-02
8.280000000000000000e+02,2.004445157945156097e-02
8.290000000000000000e+02,2.117351256310939789e-02
8.300000000000000000e+02,2.027161419391632080e-02
8.310000000000000000e+02,2.210553549230098724e-02
8.320000000000000000e+02,2.170356549322605133e-02
8.330000000000000000e+02,2.258186787366867065e-02
8.340000000000000000e+02,2.316846325993537903e-02
8.350000000000000000e+02,2.503689005970954895e-02
8.360000000000000000e+02,2.450011298060417175e-02
8.370000000000000000e+02,2.520710229873657227e-02
8.380000000000000000e+02,2.621200121939182281e-02
8.390000000000000000e+02,2.660893276333808899e-02
8.400000000000000000e+02,2.602579072117805481e-02
8.410000000000000000e+02,2.680327929556369781e-02
8.420000000000000000e+02,2.697362378239631653e-02
8.430000000000000000e+02,2.729052305221557617e-02
8.440000000000000000e+02,2.779274620115756989e-02
8.450000000000000000e+02,2.816712483763694763e-02
8.460000000000000000e+02,2.775439061224460602e-02
8.470000000000000000e+02,2.699381113052368164e-02
8.480000000000000000e+02,2.904565073549747467e-02
8.490000000000000000e+02,3.014339879155158997e-02
8.500000000000000000e+02,2.994957566261291504e-02
8.510000000000000000e+02,3.001004457473754883e-02
8.520000000000000000e+02,2.836046181619167328e-02
8.530000000000000000e+02,2.655688486993312836e-02
8.540000000000000000e+02,2.597697079181671143e-02
8.550000000000000000e+02,2.670091018080711365e-02
8.560000000000000000e+02,2.746787108480930328e-02
8.570000000000000000e+02,2.935752272605895996e-02
8.580000000000000000e+02,2.611810341477394104e-02
8.590000000000000000e+02,2.580099180340766907e-02
8.600000000000000000e+02,2.649831399321556091e-02
8.610000000000000000e+02,2.549054659903049469e-02
8.620000000000000000e+02,2.730942331254482269e-02
8.630000000000000000e+02,2.674522437155246735e-02
8.640000000000000000e+02,2.620172500610351562e-02
8.650000000000000000e+02,2.569744549691677094e-02
8.660000000000000000e+02,2.365613542497158051e-02
8.670000000000000000e+02,2.286371961236000061e-02
8.680000000000000000e+02,2.244906872510910034e-02
8.690000000000000000e+02,2.227940969169139862e-02
8.700000000000000000e+02,2.250771597027778625e-02
8.710000000000000000e+02,2.251150645315647125e-02
8.720000000000000000e+02,2.797311544418334961e-02
8.730000000000000000e+02,2.890406548976898193e-02
8.740000000000000000e+02,2.574123814702033997e-02
8.750000000000000000e+02,2.547123469412326813e-02
8.760000000000000000e+02,2.538824640214443207e-02
8.770000000000000000e+02,2.385437861084938049e-02
8.780000000000000000e+02,2.259960770606994629e-02
8.790000000000000000e+02,2.371370792388916016e-02
8.800000000000000000e+02,2.418769337236881256e-02
8.810000000000000000e+02,2.312869951128959656e-02
8.820000000000000000e+02,2.258114516735076904e-02
8.830000000000000000e+02,2.314953133463859558e-02
8.840000000000000000e+02,2.416339516639709473e-02
8.850000000000000000e+02,2.427820861339569092e-02
8.860000000000000000e+02,2.410380914807319641e-02
8.870000000000000000e+02,2.383794263005256653e-02
8.880000000000000000e+02,2.410049177706241608e-02
8.890000000000000000e+02,2.683780156075954437e-02
8.900000000000000000e+02,2.452484704554080963e-02
8.910000000000000000e+02,2.113690599799156189e-02
8.920000000000000000e+02,1.839703693985939026e-02
8.930000000000000000e+02,1.744491979479789734e-02
8.940000000000000000e+02,1.582587510347366333e-02
8.950000000000000000e+02,1.507726311683654785e-02
8.960000000000000000e+02,1.483644358813762665e-02
8.970000000000000000e+02,1.416639424860477448e-02
8.980000000000000000e+02,1.471795141696929932e-02
8.990000000000000000e+02,1.444641314446926117e-02
9.000000000000000000e+02,1.460703741759061813e-02
9.010000000000000000e+02,1.592974364757537842e-02
9.020000000000000000e+02,1.660723425447940826e-02
9.030000000000000000e+02,2.067277953028678894e-02
9.040000000000000000e+02,2.342166751623153687e-02
9.050000000000000000e+02,2.766090072691440582e-02
9.060000000000000000e+02,3.077006340026855469e-02
9.070000000000000000e+02,3.353232890367507935e-02
9.080000000000000000e+02,3.350460529327392578e-02
9.090000000000000000e+02,3.404963016510009766e-02
9.100000000000000000e+02,3.023116663098335266e-02
9.110000000000000000e+02,2.732786536216735840e-02
9.120000000000000000e+02,2.993835136294364929e-02
9.130000000000000000e+02,3.155215829610824585e-02
9.140000000000000000e+02,3.121397458016872406e-02
9.150000000000000000e+02,3.728719800710678101e-02
9.160000000000000000e+02,3.138811141252517700e-02
9.170000000000000000e+02,2.927061356604099274e-02
9.180000000000000000e+02,3.065026365220546722e-02
9.190000000000000000e+02,2.888756431639194489e-02
9.200000000000000000e+02,3.085067868232727051e-02
9.210000000000000000e+02,2.882755920290946960e-02
9.220000000000000000e+02,3.402344882488250732e-02
9.230000000000000000e+02,3.233588486909866333e-02
9.240000000000000000e+02,2.939406037330627441e-02
9.250000000000000000e+02,2.864290401339530945e-02
9.260000000000000000e+02,2.499909140169620514e-02
9.270000000000000000e+02,2.282867394387722015e-02
9.280000000000000000e+02,2.504826523363590240e-02
9.290000000000000000e+02,2.910815551877021790e-02
9.300000000000000000e+02,2.818523719906806946e-02
9.310000000000000000e+02,3.230159729719161987e-02
9.320000000000000000e+02,3.693092986941337585e-02
9.330000000000000000e+02,3.994259238243103027e-02
9.340000000000000000e+02,5.034156888723373413e-02
9.350000000000000000e+02,7.070207595825195312e-02
9.360000000000000000e+02,4.050466418266296387e-02
9.370000000000000000e+02,3.882279247045516968e-02
9.380000000000000000e+02,3.827346116304397583e-02
9.390000000000000000e+02,2.775209024548530579e-02
9.400000000000000000e+02,2.636959031224250793e-02
9.410000000000000000e+02,2.888099290430545807e-02
9.420000000000000000e+02,2.662173844873905182e-02
9.430000000000000000e+02,3.918466344475746155e-02
9.440000000000000000e+02,3.556243702769279480e-02
9.450000000000000000e+02,4.637574404478073120e-02
9.460000000000000000e+02,3.384623676538467407e-02
9.470000000000000000e+02,2.678954601287841797e-02
9.480000000000000000e+02,2.501473389565944672e-02
9.490000000000000000e+02,2.600108459591865540e-02
9.500000000000000000e+02,3.347476571798324585e-02
9.510000000000000000e+02,4.607905074954032898e-02
9.520000000000000000e+02,5.638225004076957703e-02
9.530000000000000000e+02,3.942823037505149841e-02
9.540000000000000000e+02,5.585499852895736694e-02
9.550000000000000000e+02,4.108281061053276062e-02
9.560000000000000000e+02,4.888422414660453796e-02
9.570000000000000000e+02,4.296299815177917480e-02
9.580000000000000000e+02,6.839759647846221924e-02
9.590000000000000000e+02,4.073820635676383972e-02
9.600000000000000000e+02,4.963991045951843262e-02
9.610000000000000000e+02,6.720106303691864014e-02
9.620000000000000000e+02,5.376290529966354370e-02
9.630000000000000000e+02,5.496834963560104370e-02
9.640000000000000000e+02,6.135789304971694946e-02
9.650000000000000000e+02,8.833453804254531860e-02
9.660000000000000000e+02,8.499944210052490234e-02
9.670000000000000000e+02,1.181499585509300232e-01
9.680000000000000000e+02,9.919707477092742920e-02
9.690000000000000000e+02,1.062437295913696289e-01
9.700000000000000000e+02,1.248009428381919861e-01
9.710000000000000000e+02,1.847452074289321899e-01
9.720000000000000000e+02,1.729493886232376099e-01
9.730000000000000000e+02,1.381906270980834961e-01
9.740000000000000000e+02,2.004130780696868896e-01
9.750000000000000000e+02,4.518921971321105957e-01
9.760000000000000000e+02,2.819579243659973145e-01
9.770000000000000000e+02,1.992261409759521484e-01
9.780000000000000000e+02,1.497943401336669922e-01
9.790000000000000000e+02,5.259528160095214844e-01
9.800000000000000000e+02,2.134942114353179932e-01
9.810000000000000000e+02,2.341647148132324219e-01
9.820000000000000000e+02,2.818605207721702754e-05
9.830000000000000000e+02,1.567627259646542370e-05
