status,case_id,lambda_monotonic,lambda_smoothing,seed,threshold_p95,project_ffp_zero_based,project_ffp_one_based,paper_ffp_one_based,difference_one_based,absolute_difference_one_based,final_reconstruction_loss,final_monotonic_loss,final_smoothing_loss,weighted_monotonic_loss,weighted_smoothing_loss,weighted_monotonic_to_reconstruction,weighted_smoothing_to_reconstruction,hi_minimum,hi_maximum,hi_standard_deviation,healthy_hi_standard_deviation,unlabeled_hi_standard_deviation,decreasing_step_ratio,second_difference_rmse,elapsed_seconds,output_root,models_kept
completed,case_09_lm_1em02_ls_1em02_seed_42,0.01,0.01,42,0.5035242080688477,970.0,971.0,536,435.0,435.0,0.005948476027697325,0.04078081101179123,0.0014482128317467868,0.0004078081101179123,1.4482128317467869e-05,0.06855673759448203,0.0024345947180481366,0.4944966733455658,0.5163016319274902,0.0023836238376828828,0.001938041738512763,0.002537411756680846,0.5005086469989827,0.004861065122713881,28.58,/kaggle/working/bearing_fdd_lambda_sensitivity/case_09_lm_1em02_ls_1em02_seed_42,False
completed,case_02_lm_1em04_ls_0_seed_42,0.0001,0.0,42,0.4646950215101242,,,536,,,0.005948472488671541,0.030656428635120393,0.007045254204422235,3.0656428635120395e-06,0.0,0.0005153664019376986,0.0,0.15656156837940216,0.4926590323448181,0.026949794747252977,0.006365712953706617,0.030942498493635534,0.4821973550356053,0.042636194488413305,25.88,/kaggle/working/bearing_fdd_lambda_sensitivity/case_02_lm_1em04_ls_0_seed_42,False
completed,case_05_lm_0_ls_1em04_seed_42,0.0,0.0001,42,0.4690700501203537,,,536,,,0.005948450695723295,0.031867260485887526,0.005661972891539335,0.0,5.661972891539335e-07,0.0,9.518399296156348e-05,0.1677200049161911,0.49634018540382385,0.026940948674104147,0.00905327521924605,0.03072718687674756,0.4933875890132248,0.04366411550840306,27.55,/kaggle/working/bearing_fdd_lambda_sensitivity/case_05_lm_0_ls_1em04_seed_42,False
completed,case_04_lm_0_ls_1em06_seed_42,0.0,1e-06,42,0.4779254525899887,,,536,,,0.005948418844491243,0.03600193634629249,0.0083437604829669,0.0,8.343760482966899e-09,0.0,1.4026854364322297e-06,0.15240025520324707,0.5026965737342834,0.029746604962179377,0.015328758434670148,0.03317193920899663,0.49745676500508645,0.052906667195797404,27.59,/kaggle/working/bearing_fdd_lambda_sensitivity/case_04_lm_0_ls_1em06_seed_42,False
completed,case_07_lm_1em06_ls_1em06_seed_42,1e-06,1e-06,42,0.47716993689537046,,,536,,,0.005948421452194453,0.03568256124854088,0.008252736926078797,3.568256124854087e-08,8.252736926078796e-09,5.99866057496264e-06,1.3873826850372631e-06,0.15202894806861877,0.5020276308059692,0.02960133714037692,0.01483316973983915,0.033083137137617215,0.49847405900305186,0.052228678276638414,26.72,/kaggle/working/bearing_fdd_lambda_sensitivity/case_07_lm_1em06_ls_1em06_seed_42,False
completed,case_01_lm_1em06_ls_0_seed_42,1e-06,0.0,42,0.4774328663945198,,,536,,,0.005948419775813818,0.035767458379268646,0.008300241827964783,3.576745837926864e-08,0.0,6.012934481305198e-06,0.0,0.15200591087341309,0.5022357106208801,0.02965510264885562,0.014989892810404961,0.03312106932434077,0.49847405900305186,0.052464939500721355,25.71,/kaggle/working/bearing_fdd_lambda_sensitivity/case_01_lm_1em06_ls_0_seed_42,False
completed,case_08_lm_1em04_ls_1em04_seed_42,0.0001,0.0001,42,0.4658267438411713,,,536,,,0.005948472954332829,0.030268001928925516,0.005388940218836069,3.026800192892552e-06,5.388940218836069e-07,0.0005088365057939535,9.059367438009112e-05,0.17449109256267548,0.49484801292419434,0.02583688134532668,0.005714360605321605,0.029655565206407712,0.49949135300101727,0.04012790658131221,26.7,/kaggle/working/bearing_fdd_lambda_sensitivity/case_08_lm_1em04_ls_1em04_seed_42,False
completed,case_00_lm_0_ls_0_seed_42,0.0,0.0,42,0.4781459078192711,,,536,,,0.005948416702449322,0.03608324527740479,0.008390931226313115,0.0,0.0,0.0,0.0,0.15235775709152222,0.5028854608535767,0.02979428747164298,0.015464033187217311,0.033205579428931126,0.49949135300101727,0.053118920218871775,25.82,/kaggle/working/bearing_fdd_lambda_sensitivity/case_00_lm_0_ls_0_seed_42,False
completed,case_06_lm_0_ls_1em02_seed_42,0.0,0.01,42,0.49579526484012604,,,536,,,0.005948479287326336,0.031925896927714345,4.490640531003009e-05,0.0,4.4906405310030094e-07,0.0,7.549224455686754e-05,0.4751157760620117,0.4975683391094208,0.00161660059094977,0.0007491913953139876,0.0018305788719189264,0.503560528992879,0.0020092889724643084,27.32,/kaggle/working/bearing_fdd_lambda_sensitivity/case_06_lm_0_ls_1em02_seed_42,False
completed,case_03_lm_1em02_ls_0_seed_42,0.01,0.0,42,0.5048057764768601,,,536,,,0.005948493629693985,0.04076374471187592,0.014027969725430012,0.0004076374471187592,0.0,0.06852784460991845,0.0,0.4463595449924469,0.5189707279205322,0.010393608172890149,0.01021898650809686,0.010256508249325886,0.5045778229908443,0.02372592347946827,27.48,/kaggle/working/bearing_fdd_lambda_sensitivity/case_03_lm_1em02_ls_0_seed_42,False
